{
"Bye":"https://files.catbox.moe/k3v7vr.webp",
"Q":"https://files.catbox.moe/ybyuml.webp",
"baise":"https://files.catbox.moe/jewa9a.webp", 
"Kerm..":"https://files.catbox.moe/k3v7vr.webp",
"Kerm":"https://files.catbox.moe/57azw2.webp",
"taxi":"https://files.catbox.moe/4r63jt.webp",
"Amirr":"https://files.catbox.moe/q1okvs.webp",
"sebastien":"https://files.catbox.moe/l12yuk.webp",
"blanche":"https://files.catbox.moe/jq46v3.webp",
"tais-toi":"https://files.catbox.moe/4w44e6.webp",
"shut":"https://files.catbox.moe/4w44e6.webp",
"christ":"https://files.catbox.moe/394bl7.webp",
"brayan":"https://files.catbox.moe/l12yuk.webp",
"Midas": "https://files.catbox.moe/low7gk.webp"

}
